,params,mean_test_score,std_test_score,min_test_score,max_test_score
19,"{'var_thresh__threshold': 0.0, 'imputer__weights': 'uniform', 'imputer__n_neighbors': 10, 'clf__n_estimators': 2000, 'clf__min_samples_split': 5, 'clf__min_samples_leaf': 2, 'clf__max_features': None, 'clf__max_depth': 30, 'clf__criterion': 'entropy', 'clf__class_weight': 'balanced_subsample', 'clf__bootstrap': True}",0.701479315180125,0.041535235171344234,0.6167026708562451,0.7682639434406914
18,"{'var_thresh__threshold': 0.0, 'imputer__weights': 'uniform', 'imputer__n_neighbors': 15, 'clf__n_estimators': 1000, 'clf__min_samples_split': 10, 'clf__min_samples_leaf': 4, 'clf__max_features': None, 'clf__max_depth': 80, 'clf__criterion': 'entropy', 'clf__class_weight': None, 'clf__bootstrap': False}",0.7012085477678015,0.04350292254639842,0.6148860958366065,0.7773733398917855
7,"{'var_thresh__threshold': 0.0, 'imputer__weights': 'distance', 'imputer__n_neighbors': 1, 'clf__n_estimators': 5000, 'clf__min_samples_split': 10, 'clf__min_samples_leaf': 1, 'clf__max_features': None, 'clf__max_depth': 60, 'clf__criterion': 'entropy', 'clf__class_weight': 'balanced', 'clf__bootstrap': False}",0.7009953858352115,0.04449512634264119,0.6095836606441476,0.7799980361351139
13,"{'var_thresh__threshold': 0.0, 'imputer__weights': 'uniform', 'imputer__n_neighbors': 10, 'clf__n_estimators': 2000, 'clf__min_samples_split': 5, 'clf__min_samples_leaf': 1, 'clf__max_features': None, 'clf__max_depth': None, 'clf__criterion': 'gini', 'clf__class_weight': 'balanced', 'clf__bootstrap': False}",0.6986721979135311,0.044546824354377804,0.6042812254516888,0.7816673212882953
62,"{'var_thresh__threshold': 0.0, 'imputer__weights': 'distance', 'imputer__n_neighbors': 5, 'clf__n_estimators': 500, 'clf__min_samples_split': 2, 'clf__min_samples_leaf': 1, 'clf__max_features': None, 'clf__max_depth': 60, 'clf__criterion': 'gini', 'clf__class_weight': 'balanced_subsample', 'clf__bootstrap': False}",0.697281827458869,0.04419273217968494,0.5993470149253731,0.7820846425765906
60,"{'var_thresh__threshold': 0.15, 'imputer__weights': 'distance', 'imputer__n_neighbors': 20, 'clf__n_estimators': 2000, 'clf__min_samples_split': 5, 'clf__min_samples_leaf': 2, 'clf__max_features': None, 'clf__max_depth': 20, 'clf__criterion': 'gini', 'clf__class_weight': 'balanced', 'clf__bootstrap': True}",0.6970592426456014,0.03867282740935141,0.6295659858601728,0.7771995286724274
35,"{'var_thresh__threshold': 0.1, 'imputer__weights': 'uniform', 'imputer__n_neighbors': 5, 'clf__n_estimators': 2000, 'clf__min_samples_split': 5, 'clf__min_samples_leaf': 2, 'clf__max_features': None, 'clf__max_depth': 50, 'clf__criterion': 'gini', 'clf__class_weight': None, 'clf__bootstrap': True}",0.6970592426456014,0.03867282740935141,0.6295659858601728,0.7771995286724274
20,"{'var_thresh__threshold': 0.15, 'imputer__weights': 'uniform', 'imputer__n_neighbors': 10, 'clf__n_estimators': 2000, 'clf__min_samples_split': 5, 'clf__min_samples_leaf': 4, 'clf__max_features': None, 'clf__max_depth': 20, 'clf__criterion': 'gini', 'clf__class_weight': 'balanced_subsample', 'clf__bootstrap': True}",0.696936396473119,0.03752710481826021,0.6332973291437549,0.7685094265514533
72,"{'var_thresh__threshold': 0.0, 'imputer__weights': 'uniform', 'imputer__n_neighbors': 10, 'clf__n_estimators': 1000, 'clf__min_samples_split': 10, 'clf__min_samples_leaf': 1, 'clf__max_features': 'sqrt', 'clf__max_depth': 10, 'clf__criterion': 'entropy', 'clf__class_weight': 'balanced', 'clf__bootstrap': False}",0.6968390695318294,0.040969274050811334,0.6156716417910447,0.7690003927729773
77,"{'var_thresh__threshold': 0.15, 'imputer__weights': 'uniform', 'imputer__n_neighbors': 10, 'clf__n_estimators': 2000, 'clf__min_samples_split': 2, 'clf__min_samples_leaf': 4, 'clf__max_features': None, 'clf__max_depth': 30, 'clf__criterion': 'gini', 'clf__class_weight': None, 'clf__bootstrap': True}",0.6967101886044444,0.037852264862435134,0.6303515318146111,0.7706205813040063
98,"{'var_thresh__threshold': 0.05, 'imputer__weights': 'distance', 'imputer__n_neighbors': 15, 'clf__n_estimators': 1000, 'clf__min_samples_split': 10, 'clf__min_samples_leaf': 4, 'clf__max_features': None, 'clf__max_depth': 20, 'clf__criterion': 'entropy', 'clf__class_weight': 'balanced', 'clf__bootstrap': True}",0.6967069142727093,0.03884347256520564,0.6311370777690495,0.7662018853102907
16,"{'var_thresh__threshold': 0.2, 'imputer__weights': 'distance', 'imputer__n_neighbors': 10, 'clf__n_estimators': 5000, 'clf__min_samples_split': 5, 'clf__min_samples_leaf': 4, 'clf__max_features': None, 'clf__max_depth': 60, 'clf__criterion': 'gini', 'clf__class_weight': 'balanced', 'clf__bootstrap': True}",0.6966663815697705,0.03827452120197549,0.6317753338570306,0.7714061272584446
9,"{'var_thresh__threshold': 0.05, 'imputer__weights': 'distance', 'imputer__n_neighbors': 15, 'clf__n_estimators': 5000, 'clf__min_samples_split': 5, 'clf__min_samples_leaf': 4, 'clf__max_features': None, 'clf__max_depth': 50, 'clf__criterion': 'gini', 'clf__class_weight': 'balanced', 'clf__bootstrap': True}",0.6966379734382687,0.03824990153162363,0.6301551453260016,0.7692458758837392
80,"{'var_thresh__threshold': 0.0, 'imputer__weights': 'uniform', 'imputer__n_neighbors': 10, 'clf__n_estimators': 5000, 'clf__min_samples_split': 2, 'clf__min_samples_leaf': 4, 'clf__max_features': 'log2', 'clf__max_depth': 20, 'clf__criterion': 'entropy', 'clf__class_weight': None, 'clf__bootstrap': True}",0.6966239327220268,0.039380462382573485,0.6214159465828751,0.7684603299293009
47,"{'var_thresh__threshold': 0.2, 'imputer__weights': 'distance', 'imputer__n_neighbors': 5, 'clf__n_estimators': 1000, 'clf__min_samples_split': 2, 'clf__min_samples_leaf': 2, 'clf__max_features': None, 'clf__max_depth': None, 'clf__criterion': 'gini', 'clf__class_weight': 'balanced', 'clf__bootstrap': True}",0.6965375006423858,0.03859868828666097,0.6356539670070699,0.7750883739198743
10,"{'var_thresh__threshold': 0.1, 'imputer__weights': 'distance', 'imputer__n_neighbors': 1, 'clf__n_estimators': 5000, 'clf__min_samples_split': 5, 'clf__min_samples_leaf': 1, 'clf__max_features': None, 'clf__max_depth': None, 'clf__criterion': 'entropy', 'clf__class_weight': None, 'clf__bootstrap': True}",0.6963471048593726,0.03855069592153581,0.6325117831893164,0.7705223880597014
31,"{'var_thresh__threshold': 0.15, 'imputer__weights': 'uniform', 'imputer__n_neighbors': 5, 'clf__n_estimators': 500, 'clf__min_samples_split': 10, 'clf__min_samples_leaf': 2, 'clf__max_features': None, 'clf__max_depth': 70, 'clf__criterion': 'gini', 'clf__class_weight': 'balanced', 'clf__bootstrap': True}",0.6963359236772362,0.037705886835398696,0.6293695993715632,0.7768067556952082
76,"{'var_thresh__threshold': 0.0, 'imputer__weights': 'uniform', 'imputer__n_neighbors': 1, 'clf__n_estimators': 5000, 'clf__min_samples_split': 5, 'clf__min_samples_leaf': 4, 'clf__max_features': 'log2', 'clf__max_depth': 30, 'clf__criterion': 'entropy', 'clf__class_weight': None, 'clf__bootstrap': False}",0.6962212670048674,0.04076062640364554,0.611105655930872,0.7756775333857031
25,"{'var_thresh__threshold': 0.15, 'imputer__weights': 'distance', 'imputer__n_neighbors': 1, 'clf__n_estimators': 500, 'clf__min_samples_split': 5, 'clf__min_samples_leaf': 1, 'clf__max_features': None, 'clf__max_depth': 80, 'clf__criterion': 'entropy', 'clf__class_weight': 'balanced', 'clf__bootstrap': True}",0.6961763697498733,0.0390076203001537,0.6298605655930871,0.7762666928515318
30,"{'var_thresh__threshold': 0.15, 'imputer__weights': 'uniform', 'imputer__n_neighbors': 5, 'clf__n_estimators': 1000, 'clf__min_samples_split': 10, 'clf__min_samples_leaf': 2, 'clf__max_features': 'log2', 'clf__max_depth': 10, 'clf__criterion': 'entropy', 'clf__class_weight': 'balanced', 'clf__bootstrap': True}",0.6961342916504542,0.036023373941615186,0.6308915946582875,0.7609485467399844
69,"{'var_thresh__threshold': 0.1, 'imputer__weights': 'uniform', 'imputer__n_neighbors': 20, 'clf__n_estimators': 5000, 'clf__min_samples_split': 5, 'clf__min_samples_leaf': 1, 'clf__max_features': 'sqrt', 'clf__max_depth': 80, 'clf__criterion': 'entropy', 'clf__class_weight': 'balanced_subsample', 'clf__bootstrap': True}",0.6960868542188221,0.03695753372028368,0.626620188531029,0.7690003927729772
61,"{'var_thresh__threshold': 0.15, 'imputer__weights': 'uniform', 'imputer__n_neighbors': 5, 'clf__n_estimators': 500, 'clf__min_samples_split': 2, 'clf__min_samples_leaf': 2, 'clf__max_features': 'sqrt', 'clf__max_depth': 40, 'clf__criterion': 'gini', 'clf__class_weight': 'balanced', 'clf__bootstrap': True}",0.6959930126788585,0.03703696881318573,0.622397879025923,0.7720934799685781
38,"{'var_thresh__threshold': 0.1, 'imputer__weights': 'uniform', 'imputer__n_neighbors': 15, 'clf__n_estimators': 2000, 'clf__min_samples_split': 10, 'clf__min_samples_leaf': 2, 'clf__max_features': 'log2', 'clf__max_depth': 70, 'clf__criterion': 'entropy', 'clf__class_weight': 'balanced_subsample', 'clf__bootstrap': True}",0.6959702997555265,0.03688028759702811,0.6291732128829537,0.7677729772191673
79,"{'var_thresh__threshold': 0.0, 'imputer__weights': 'uniform', 'imputer__n_neighbors': 5, 'clf__n_estimators': 500, 'clf__min_samples_split': 10, 'clf__min_samples_leaf': 2, 'clf__max_features': 'sqrt', 'clf__max_depth': 20, 'clf__criterion': 'entropy', 'clf__class_weight': None, 'clf__bootstrap': False}",0.6956692264207738,0.041797177319677026,0.6168499607227023,0.7708169677926159
55,"{'var_thresh__threshold': 0.15, 'imputer__weights': 'distance', 'imputer__n_neighbors': 1, 'clf__n_estimators': 1000, 'clf__min_samples_split': 10, 'clf__min_samples_leaf': 4, 'clf__max_features': None, 'clf__max_depth': 60, 'clf__criterion': 'entropy', 'clf__class_weight': 'balanced', 'clf__bootstrap': True}",0.6956065479293154,0.03864037294304878,0.6290750196386489,0.7713079340141398
54,"{'var_thresh__threshold': 0.2, 'imputer__weights': 'distance', 'imputer__n_neighbors': 15, 'clf__n_estimators': 2000, 'clf__min_samples_split': 2, 'clf__min_samples_leaf': 1, 'clf__max_features': None, 'clf__max_depth': 20, 'clf__criterion': 'entropy', 'clf__class_weight': 'balanced', 'clf__bootstrap': True}",0.6956021907188112,0.03790871380949612,0.6315298507462687,0.768975844461901
63,"{'var_thresh__threshold': 0.15, 'imputer__weights': 'distance', 'imputer__n_neighbors': 1, 'clf__n_estimators': 5000, 'clf__min_samples_split': 5, 'clf__min_samples_leaf': 2, 'clf__max_features': 'sqrt', 'clf__max_depth': 10, 'clf__criterion': 'entropy', 'clf__class_weight': None, 'clf__bootstrap': True}",0.695416434796015,0.03668588762397215,0.6247054202670856,0.7698841319717202
1,"{'var_thresh__threshold': 0.1, 'imputer__weights': 'uniform', 'imputer__n_neighbors': 15, 'clf__n_estimators': 1000, 'clf__min_samples_split': 2, 'clf__min_samples_leaf': 1, 'clf__max_features': 'sqrt', 'clf__max_depth': 80, 'clf__criterion': 'gini', 'clf__class_weight': None, 'clf__bootstrap': True}",0.6952553207890699,0.0373418354756057,0.6204585624509034,0.7732472505891594
95,"{'var_thresh__threshold': 0.2, 'imputer__weights': 'distance', 'imputer__n_neighbors': 20, 'clf__n_estimators': 2000, 'clf__min_samples_split': 5, 'clf__min_samples_leaf': 1, 'clf__max_features': 'log2', 'clf__max_depth': 30, 'clf__criterion': 'entropy', 'clf__class_weight': 'balanced', 'clf__bootstrap': True}",0.6952319049122317,0.0373711662168191,0.6242635506677141,0.7712097407698351
59,"{'var_thresh__threshold': 0.15, 'imputer__weights': 'uniform', 'imputer__n_neighbors': 15, 'clf__n_estimators': 1000, 'clf__min_samples_split': 5, 'clf__min_samples_leaf': 2, 'clf__max_features': 'sqrt', 'clf__max_depth': 50, 'clf__criterion': 'gini', 'clf__class_weight': 'balanced_subsample', 'clf__bootstrap': True}",0.695223972366402,0.03585994126531452,0.6280439905734486,0.7640416339355852
74,"{'var_thresh__threshold': 0.2, 'imputer__weights': 'distance', 'imputer__n_neighbors': 1, 'clf__n_estimators': 5000, 'clf__min_samples_split': 2, 'clf__min_samples_leaf': 4, 'clf__max_features': 'sqrt', 'clf__max_depth': 20, 'clf__criterion': 'entropy', 'clf__class_weight': None, 'clf__bootstrap': False}",0.6951981080823134,0.038001947219160524,0.6265710919088766,0.7742537313432836
90,"{'var_thresh__threshold': 0.2, 'imputer__weights': 'distance', 'imputer__n_neighbors': 5, 'clf__n_estimators': 1000, 'clf__min_samples_split': 2, 'clf__min_samples_leaf': 1, 'clf__max_features': 'sqrt', 'clf__max_depth': 40, 'clf__criterion': 'gini', 'clf__class_weight': None, 'clf__bootstrap': True}",0.695120010498418,0.03708023854657266,0.6256628043990574,0.7687794579732914
89,"{'var_thresh__threshold': 0.15, 'imputer__weights': 'uniform', 'imputer__n_neighbors': 1, 'clf__n_estimators': 5000, 'clf__min_samples_split': 5, 'clf__min_samples_leaf': 4, 'clf__max_features': 'sqrt', 'clf__max_depth': 10, 'clf__criterion': 'gini', 'clf__class_weight': None, 'clf__bootstrap': True}",0.6949816975134168,0.036967983318014354,0.6195011783189317,0.7633542812254517
65,"{'var_thresh__threshold': 0.0, 'imputer__weights': 'distance', 'imputer__n_neighbors': 20, 'clf__n_estimators': 500, 'clf__min_samples_split': 10, 'clf__min_samples_leaf': 2, 'clf__max_features': 'sqrt', 'clf__max_depth': 80, 'clf__criterion': 'gini', 'clf__class_weight': None, 'clf__bootstrap': True}",0.6949695435757759,0.039964254563049834,0.6174882168106834,0.771946190102121
51,"{'var_thresh__threshold': 0.1, 'imputer__weights': 'uniform', 'imputer__n_neighbors': 10, 'clf__n_estimators': 500, 'clf__min_samples_split': 10, 'clf__min_samples_leaf': 1, 'clf__max_features': None, 'clf__max_depth': 60, 'clf__criterion': 'gini', 'clf__class_weight': 'balanced', 'clf__bootstrap': True}",0.6949657590062476,0.03729805525971751,0.6323153967007069,0.7764630793401414
75,"{'var_thresh__threshold': 0.1, 'imputer__weights': 'uniform', 'imputer__n_neighbors': 15, 'clf__n_estimators': 2000, 'clf__min_samples_split': 10, 'clf__min_samples_leaf': 1, 'clf__max_features': 'log2', 'clf__max_depth': 70, 'clf__criterion': 'gini', 'clf__class_weight': 'balanced', 'clf__bootstrap': True}",0.6949551688189647,0.03649427682228464,0.6253436763550667,0.7689021995286724
99,"{'var_thresh__threshold': 0.0, 'imputer__weights': 'uniform', 'imputer__n_neighbors': 1, 'clf__n_estimators': 500, 'clf__min_samples_split': 2, 'clf__min_samples_leaf': 2, 'clf__max_features': 'log2', 'clf__max_depth': 10, 'clf__criterion': 'entropy', 'clf__class_weight': 'balanced', 'clf__bootstrap': True}",0.6948625331287488,0.0392325350777647,0.6140023566378633,0.7629124116260801
32,"{'var_thresh__threshold': 0.15, 'imputer__weights': 'distance', 'imputer__n_neighbors': 1, 'clf__n_estimators': 5000, 'clf__min_samples_split': 2, 'clf__min_samples_leaf': 2, 'clf__max_features': 'log2', 'clf__max_depth': 60, 'clf__criterion': 'gini', 'clf__class_weight': 'balanced', 'clf__bootstrap': False}",0.6948412903509995,0.037974334721101594,0.6295168892380204,0.7766103692065986
44,"{'var_thresh__threshold': 0.0, 'imputer__weights': 'uniform', 'imputer__n_neighbors': 1, 'clf__n_estimators': 2000, 'clf__min_samples_split': 10, 'clf__min_samples_leaf': 2, 'clf__max_features': 'log2', 'clf__max_depth': 20, 'clf__criterion': 'entropy', 'clf__class_weight': 'balanced', 'clf__bootstrap': False}",0.6948179368773446,0.04063770885824574,0.6079634721131186,0.7725844461901021
3,"{'var_thresh__threshold': 0.15, 'imputer__weights': 'uniform', 'imputer__n_neighbors': 15, 'clf__n_estimators': 1000, 'clf__min_samples_split': 10, 'clf__min_samples_leaf': 4, 'clf__max_features': 'sqrt', 'clf__max_depth': None, 'clf__criterion': 'entropy', 'clf__class_weight': 'balanced_subsample', 'clf__bootstrap': True}",0.6946407668984149,0.03723147723013389,0.6143460329929301,0.7583464257659073
40,"{'var_thresh__threshold': 0.05, 'imputer__weights': 'uniform', 'imputer__n_neighbors': 20, 'clf__n_estimators': 500, 'clf__min_samples_split': 10, 'clf__min_samples_leaf': 4, 'clf__max_features': 'log2', 'clf__max_depth': 40, 'clf__criterion': 'entropy', 'clf__class_weight': 'balanced_subsample', 'clf__bootstrap': False}",0.6945782205548744,0.03665320529467727,0.6317262372348782,0.7734190887666929
11,"{'var_thresh__threshold': 0.1, 'imputer__weights': 'distance', 'imputer__n_neighbors': 15, 'clf__n_estimators': 5000, 'clf__min_samples_split': 2, 'clf__min_samples_leaf': 4, 'clf__max_features': None, 'clf__max_depth': 80, 'clf__criterion': 'gini', 'clf__class_weight': 'balanced', 'clf__bootstrap': False}",0.6945576164920602,0.03976437571268859,0.6321190102120975,0.7694422623723488
68,"{'var_thresh__threshold': 0.1, 'imputer__weights': 'uniform', 'imputer__n_neighbors': 15, 'clf__n_estimators': 1000, 'clf__min_samples_split': 2, 'clf__min_samples_leaf': 4, 'clf__max_features': 'log2', 'clf__max_depth': 10, 'clf__criterion': 'gini', 'clf__class_weight': 'balanced', 'clf__bootstrap': True}",0.6945489901696632,0.03670040494405876,0.6254418695993715,0.76413982717989
85,"{'var_thresh__threshold': 0.15, 'imputer__weights': 'distance', 'imputer__n_neighbors': 10, 'clf__n_estimators': 5000, 'clf__min_samples_split': 10, 'clf__min_samples_leaf': 4, 'clf__max_features': 'log2', 'clf__max_depth': 80, 'clf__criterion': 'gini', 'clf__class_weight': None, 'clf__bootstrap': False}",0.6945473383206935,0.03769467918621522,0.6215632364493322,0.7682148468185389
70,"{'var_thresh__threshold': 0.15, 'imputer__weights': 'uniform', 'imputer__n_neighbors': 20, 'clf__n_estimators': 500, 'clf__min_samples_split': 5, 'clf__min_samples_leaf': 1, 'clf__max_features': 'log2', 'clf__max_depth': 80, 'clf__criterion': 'gini', 'clf__class_weight': 'balanced', 'clf__bootstrap': True}",0.6944143938448437,0.03782827360017969,0.6208758837391988,0.7687549096622153
0,"{'var_thresh__threshold': 0.1, 'imputer__weights': 'distance', 'imputer__n_neighbors': 5, 'clf__n_estimators': 500, 'clf__min_samples_split': 5, 'clf__min_samples_leaf': 1, 'clf__max_features': 'log2', 'clf__max_depth': 30, 'clf__criterion': 'gini', 'clf__class_weight': None, 'clf__bootstrap': True}",0.6944143938448437,0.0378282736001797,0.6208758837391988,0.7687549096622153
23,"{'var_thresh__threshold': 0.2, 'imputer__weights': 'uniform', 'imputer__n_neighbors': 20, 'clf__n_estimators': 1000, 'clf__min_samples_split': 5, 'clf__min_samples_leaf': 1, 'clf__max_features': 'log2', 'clf__max_depth': 40, 'clf__criterion': 'entropy', 'clf__class_weight': 'balanced_subsample', 'clf__bootstrap': False}",0.6943637242953946,0.036675207058542915,0.630842498036135,0.7728053809897879
87,"{'var_thresh__threshold': 0.1, 'imputer__weights': 'uniform', 'imputer__n_neighbors': 15, 'clf__n_estimators': 1000, 'clf__min_samples_split': 2, 'clf__min_samples_leaf': 4, 'clf__max_features': 'log2', 'clf__max_depth': 30, 'clf__criterion': 'entropy', 'clf__class_weight': 'balanced_subsample', 'clf__bootstrap': False}",0.6943505517175559,0.03892071490378285,0.6246563236449333,0.7725353495679498
66,"{'var_thresh__threshold': 0.1, 'imputer__weights': 'distance', 'imputer__n_neighbors': 5, 'clf__n_estimators': 1000, 'clf__min_samples_split': 10, 'clf__min_samples_leaf': 2, 'clf__max_features': 'log2', 'clf__max_depth': None, 'clf__criterion': 'gini', 'clf__class_weight': 'balanced_subsample', 'clf__bootstrap': True}",0.6943467634772521,0.03612663862065832,0.6236252945797329,0.762765121759623
46,"{'var_thresh__threshold': 0.05, 'imputer__weights': 'distance', 'imputer__n_neighbors': 1, 'clf__n_estimators': 1000, 'clf__min_samples_split': 2, 'clf__min_samples_leaf': 4, 'clf__max_features': 'sqrt', 'clf__max_depth': None, 'clf__criterion': 'entropy', 'clf__class_weight': 'balanced', 'clf__bootstrap': False}",0.6942960810800891,0.03828349237331683,0.6223487824037706,0.775923016496465
64,"{'var_thresh__threshold': 0.05, 'imputer__weights': 'uniform', 'imputer__n_neighbors': 20, 'clf__n_estimators': 5000, 'clf__min_samples_split': 2, 'clf__min_samples_leaf': 2, 'clf__max_features': 'sqrt', 'clf__max_depth': 20, 'clf__criterion': 'entropy', 'clf__class_weight': 'balanced_subsample', 'clf__bootstrap': True}",0.6942852192554197,0.0375221951462739,0.6227906520031421,0.7716516103692066
33,"{'var_thresh__threshold': 0.2, 'imputer__weights': 'distance', 'imputer__n_neighbors': 5, 'clf__n_estimators': 2000, 'clf__min_samples_split': 10, 'clf__min_samples_leaf': 1, 'clf__max_features': 'log2', 'clf__max_depth': 20, 'clf__criterion': 'entropy', 'clf__class_weight': None, 'clf__bootstrap': True}",0.6942787366659081,0.036134972362405274,0.6194029850746269,0.7661527886881383
28,"{'var_thresh__threshold': 0.05, 'imputer__weights': 'distance', 'imputer__n_neighbors': 15, 'clf__n_estimators': 1000, 'clf__min_samples_split': 5, 'clf__min_samples_leaf': 4, 'clf__max_features': 'sqrt', 'clf__max_depth': 30, 'clf__criterion': 'gini', 'clf__class_weight': None, 'clf__bootstrap': False}",0.6942431393206128,0.03776175485074434,0.6246072270227807,0.7686076197957581
2,"{'var_thresh__threshold': 0.2, 'imputer__weights': 'uniform', 'imputer__n_neighbors': 1, 'clf__n_estimators': 5000, 'clf__min_samples_split': 10, 'clf__min_samples_leaf': 2, 'clf__max_features': 'log2', 'clf__max_depth': 10, 'clf__criterion': 'gini', 'clf__class_weight': 'balanced_subsample', 'clf__bootstrap': False}",0.6941743728480079,0.03723614771778356,0.626374705420267,0.7705714846818539
91,"{'var_thresh__threshold': 0.2, 'imputer__weights': 'uniform', 'imputer__n_neighbors': 20, 'clf__n_estimators': 5000, 'clf__min_samples_split': 2, 'clf__min_samples_leaf': 1, 'clf__max_features': 'sqrt', 'clf__max_depth': 10, 'clf__criterion': 'gini', 'clf__class_weight': 'balanced', 'clf__bootstrap': False}",0.6941311788328403,0.03865093716812508,0.6305970149253731,0.7752847604084839
84,"{'var_thresh__threshold': 0.05, 'imputer__weights': 'distance', 'imputer__n_neighbors': 5, 'clf__n_estimators': 2000, 'clf__min_samples_split': 5, 'clf__min_samples_leaf': 4, 'clf__max_features': 'log2', 'clf__max_depth': 20, 'clf__criterion': 'entropy', 'clf__class_weight': None, 'clf__bootstrap': True}",0.6940773762765121,0.03735065852769895,0.6142478397486253,0.7652690494893951
6,"{'var_thresh__threshold': 0.05, 'imputer__weights': 'uniform', 'imputer__n_neighbors': 15, 'clf__n_estimators': 1000, 'clf__min_samples_split': 2, 'clf__min_samples_leaf': 2, 'clf__max_features': 'sqrt', 'clf__max_depth': 30, 'clf__criterion': 'gini', 'clf__class_weight': None, 'clf__bootstrap': False}",0.694062957470395,0.037714788210147426,0.6280439905734485,0.7713079340141398
93,"{'var_thresh__threshold': 0.15, 'imputer__weights': 'uniform', 'imputer__n_neighbors': 10, 'clf__n_estimators': 2000, 'clf__min_samples_split': 5, 'clf__min_samples_leaf': 2, 'clf__max_features': 'sqrt', 'clf__max_depth': 30, 'clf__criterion': 'entropy', 'clf__class_weight': None, 'clf__bootstrap': False}",0.6940508255574074,0.03784079274994083,0.6275039277297723,0.772928122545169
29,"{'var_thresh__threshold': 0.05, 'imputer__weights': 'uniform', 'imputer__n_neighbors': 5, 'clf__n_estimators': 2000, 'clf__min_samples_split': 2, 'clf__min_samples_leaf': 1, 'clf__max_features': 'sqrt', 'clf__max_depth': 10, 'clf__criterion': 'entropy', 'clf__class_weight': 'balanced_subsample', 'clf__bootstrap': True}",0.6940356101930094,0.03812290341778599,0.6195993715632364,0.7712588373919875
71,"{'var_thresh__threshold': 0.05, 'imputer__weights': 'uniform', 'imputer__n_neighbors': 1, 'clf__n_estimators': 5000, 'clf__min_samples_split': 10, 'clf__min_samples_leaf': 4, 'clf__max_features': 'sqrt', 'clf__max_depth': 20, 'clf__criterion': 'entropy', 'clf__class_weight': 'balanced_subsample', 'clf__bootstrap': False}",0.6939446300225385,0.03762235709011739,0.6229870384917519,0.7714552238805971
50,"{'var_thresh__threshold': 0.1, 'imputer__weights': 'distance', 'imputer__n_neighbors': 20, 'clf__n_estimators': 2000, 'clf__min_samples_split': 5, 'clf__min_samples_leaf': 4, 'clf__max_features': 'log2', 'clf__max_depth': 60, 'clf__criterion': 'entropy', 'clf__class_weight': None, 'clf__bootstrap': False}",0.693886242667626,0.03807202695713712,0.6234780047132757,0.772928122545169
86,"{'var_thresh__threshold': 0.15, 'imputer__weights': 'distance', 'imputer__n_neighbors': 20, 'clf__n_estimators': 5000, 'clf__min_samples_split': 5, 'clf__min_samples_leaf': 1, 'clf__max_features': None, 'clf__max_depth': 20, 'clf__criterion': 'entropy', 'clf__class_weight': None, 'clf__bootstrap': False}",0.6938392861075829,0.04041442988430301,0.6332973291437548,0.7731736056559309
81,"{'var_thresh__threshold': 0.2, 'imputer__weights': 'distance', 'imputer__n_neighbors': 20, 'clf__n_estimators': 1000, 'clf__min_samples_split': 5, 'clf__min_samples_leaf': 4, 'clf__max_features': 'log2', 'clf__max_depth': 60, 'clf__criterion': 'entropy', 'clf__class_weight': None, 'clf__bootstrap': True}",0.6937956479285813,0.036592574712961824,0.6197466614296936,0.7633542812254517
42,"{'var_thresh__threshold': 0.15, 'imputer__weights': 'distance', 'imputer__n_neighbors': 20, 'clf__n_estimators': 1000, 'clf__min_samples_split': 5, 'clf__min_samples_leaf': 2, 'clf__max_features': 'log2', 'clf__max_depth': 10, 'clf__criterion': 'entropy', 'clf__class_weight': None, 'clf__bootstrap': False}",0.6937599973570417,0.037935052864639905,0.6326590730557737,0.7779850746268656
37,"{'var_thresh__threshold': 0.15, 'imputer__weights': 'distance', 'imputer__n_neighbors': 10, 'clf__n_estimators': 5000, 'clf__min_samples_split': 2, 'clf__min_samples_leaf': 1, 'clf__max_features': None, 'clf__max_depth': 60, 'clf__criterion': 'gini', 'clf__class_weight': 'balanced', 'clf__bootstrap': False}",0.6937323068621477,0.04060659309319066,0.6262274155538099,0.7714306755695208
24,"{'var_thresh__threshold': 0.2, 'imputer__weights': 'distance', 'imputer__n_neighbors': 15, 'clf__n_estimators': 1000, 'clf__min_samples_split': 10, 'clf__min_samples_leaf': 1, 'clf__max_features': 'log2', 'clf__max_depth': 10, 'clf__criterion': 'gini', 'clf__class_weight': 'balanced', 'clf__bootstrap': True}",0.6936391187202208,0.035069383375960224,0.6210722702278083,0.7665946582875097
88,"{'var_thresh__threshold': 0.2, 'imputer__weights': 'uniform', 'imputer__n_neighbors': 5, 'clf__n_estimators': 2000, 'clf__min_samples_split': 5, 'clf__min_samples_leaf': 2, 'clf__max_features': 'log2', 'clf__max_depth': 40, 'clf__criterion': 'gini', 'clf__class_weight': 'balanced_subsample', 'clf__bootstrap': False}",0.6935798834161706,0.037011180476556764,0.628829536527887,0.7724862529457973
41,"{'var_thresh__threshold': 0.05, 'imputer__weights': 'distance', 'imputer__n_neighbors': 1, 'clf__n_estimators': 500, 'clf__min_samples_split': 10, 'clf__min_samples_leaf': 1, 'clf__max_features': 'log2', 'clf__max_depth': None, 'clf__criterion': 'entropy', 'clf__class_weight': None, 'clf__bootstrap': True}",0.6935764659241912,0.0381749073931276,0.618175569520817,0.7738609583660644
5,"{'var_thresh__threshold': 0.05, 'imputer__weights': 'distance', 'imputer__n_neighbors': 20, 'clf__n_estimators': 5000, 'clf__min_samples_split': 10, 'clf__min_samples_leaf': 1, 'clf__max_features': 'sqrt', 'clf__max_depth': 50, 'clf__criterion': 'gini', 'clf__class_weight': None, 'clf__bootstrap': False}",0.6935506456894083,0.03850712050358552,0.6230361351139041,0.7770031421838178
4,"{'var_thresh__threshold': 0.15, 'imputer__weights': 'distance', 'imputer__n_neighbors': 10, 'clf__n_estimators': 1000, 'clf__min_samples_split': 10, 'clf__min_samples_leaf': 2, 'clf__max_features': None, 'clf__max_depth': 10, 'clf__criterion': 'entropy', 'clf__class_weight': None, 'clf__bootstrap': False}",0.6935495407859864,0.03911909442321603,0.6347702278083268,0.7737627651217597
17,"{'var_thresh__threshold': 0.1, 'imputer__weights': 'uniform', 'imputer__n_neighbors': 10, 'clf__n_estimators': 5000, 'clf__min_samples_split': 5, 'clf__min_samples_leaf': 1, 'clf__max_features': None, 'clf__max_depth': 70, 'clf__criterion': 'gini', 'clf__class_weight': 'balanced_subsample', 'clf__bootstrap': False}",0.693513099162329,0.04013793213111251,0.6261783189316574,0.772191673212883
26,"{'var_thresh__threshold': 0.2, 'imputer__weights': 'uniform', 'imputer__n_neighbors': 15, 'clf__n_estimators': 500, 'clf__min_samples_split': 10, 'clf__min_samples_leaf': 2, 'clf__max_features': 'log2', 'clf__max_depth': 80, 'clf__criterion': 'entropy', 'clf__class_weight': None, 'clf__bootstrap': False}",0.6934197274816278,0.03652117814221218,0.6240671641791045,0.7691967792615868
48,"{'var_thresh__threshold': 0.05, 'imputer__weights': 'distance', 'imputer__n_neighbors': 5, 'clf__n_estimators': 5000, 'clf__min_samples_split': 2, 'clf__min_samples_leaf': 1, 'clf__max_features': 'sqrt', 'clf__max_depth': 60, 'clf__criterion': 'gini', 'clf__class_weight': 'balanced_subsample', 'clf__bootstrap': True}",0.69340233167659,0.03826806150491933,0.6228152003142184,0.7754811468970934
96,"{'var_thresh__threshold': 0.1, 'imputer__weights': 'uniform', 'imputer__n_neighbors': 1, 'clf__n_estimators': 2000, 'clf__min_samples_split': 5, 'clf__min_samples_leaf': 4, 'clf__max_features': None, 'clf__max_depth': 80, 'clf__criterion': 'entropy', 'clf__class_weight': 'balanced_subsample', 'clf__bootstrap': False}",0.6933947808914112,0.03989450109052477,0.6327572663000786,0.7761684996072271
52,"{'var_thresh__threshold': 0.0, 'imputer__weights': 'uniform', 'imputer__n_neighbors': 5, 'clf__n_estimators': 1000, 'clf__min_samples_split': 5, 'clf__min_samples_leaf': 1, 'clf__max_features': 'log2', 'clf__max_depth': 50, 'clf__criterion': 'entropy', 'clf__class_weight': 'balanced', 'clf__bootstrap': True}",0.6933820102634882,0.038940919318231,0.6114493322859387,0.7612922230950511
94,"{'var_thresh__threshold': 0.15, 'imputer__weights': 'uniform', 'imputer__n_neighbors': 20, 'clf__n_estimators': 2000, 'clf__min_samples_split': 10, 'clf__min_samples_leaf': 1, 'clf__max_features': None, 'clf__max_depth': 50, 'clf__criterion': 'entropy', 'clf__class_weight': 'balanced_subsample', 'clf__bootstrap': False}",0.6933670738780274,0.04021365187657875,0.6317753338570307,0.7722898664571878
57,"{'var_thresh__threshold': 0.2, 'imputer__weights': 'distance', 'imputer__n_neighbors': 1, 'clf__n_estimators': 2000, 'clf__min_samples_split': 5, 'clf__min_samples_leaf': 1, 'clf__max_features': 'sqrt', 'clf__max_depth': 50, 'clf__criterion': 'entropy', 'clf__class_weight': None, 'clf__bootstrap': False}",0.6932722155332535,0.0375612157395222,0.6289277297721917,0.7768558523173605
22,"{'var_thresh__threshold': 0.05, 'imputer__weights': 'distance', 'imputer__n_neighbors': 15, 'clf__n_estimators': 5000, 'clf__min_samples_split': 2, 'clf__min_samples_leaf': 4, 'clf__max_features': None, 'clf__max_depth': 20, 'clf__criterion': 'entropy', 'clf__class_weight': 'balanced', 'clf__bootstrap': False}",0.6931426059569346,0.040209768915037136,0.6288295365278869,0.7707678711704634
73,"{'var_thresh__threshold': 0.15, 'imputer__weights': 'distance', 'imputer__n_neighbors': 1, 'clf__n_estimators': 2000, 'clf__min_samples_split': 2, 'clf__min_samples_leaf': 1, 'clf__max_features': None, 'clf__max_depth': 60, 'clf__criterion': 'gini', 'clf__class_weight': 'balanced_subsample', 'clf__bootstrap': False}",0.6930833578051699,0.040301785505201346,0.6256628043990573,0.7718479968578161
67,"{'var_thresh__threshold': 0.05, 'imputer__weights': 'uniform', 'imputer__n_neighbors': 10, 'clf__n_estimators': 5000, 'clf__min_samples_split': 5, 'clf__min_samples_leaf': 1, 'clf__max_features': 'log2', 'clf__max_depth': None, 'clf__criterion': 'gini', 'clf__class_weight': 'balanced', 'clf__bootstrap': False}",0.6930223623642731,0.038593219178782244,0.6262274155538099,0.7758248232521603
82,"{'var_thresh__threshold': 0.1, 'imputer__weights': 'uniform', 'imputer__n_neighbors': 15, 'clf__n_estimators': 500, 'clf__min_samples_split': 2, 'clf__min_samples_leaf': 1, 'clf__max_features': 'sqrt', 'clf__max_depth': 70, 'clf__criterion': 'entropy', 'clf__class_weight': 'balanced', 'clf__bootstrap': True}",0.6928828802372791,0.03636653378726963,0.6256873527101334,0.7651463079340143
14,"{'var_thresh__threshold': 0.2, 'imputer__weights': 'distance', 'imputer__n_neighbors': 1, 'clf__n_estimators': 2000, 'clf__min_samples_split': 2, 'clf__min_samples_leaf': 1, 'clf__max_features': 'sqrt', 'clf__max_depth': 30, 'clf__criterion': 'entropy', 'clf__class_weight': 'balanced', 'clf__bootstrap': False}",0.692867479498719,0.03861666401213068,0.6272829929300864,0.774180086410055
53,"{'var_thresh__threshold': 0.0, 'imputer__weights': 'distance', 'imputer__n_neighbors': 1, 'clf__n_estimators': 500, 'clf__min_samples_split': 5, 'clf__min_samples_leaf': 2, 'clf__max_features': 'log2', 'clf__max_depth': 20, 'clf__criterion': 'gini', 'clf__class_weight': 'balanced_subsample', 'clf__bootstrap': True}",0.6928657377157498,0.03784682482731505,0.6214159465828751,0.7602120974076984
34,"{'var_thresh__threshold': 0.15, 'imputer__weights': 'uniform', 'imputer__n_neighbors': 15, 'clf__n_estimators': 1000, 'clf__min_samples_split': 10, 'clf__min_samples_leaf': 4, 'clf__max_features': None, 'clf__max_depth': 80, 'clf__criterion': 'entropy', 'clf__class_weight': 'balanced', 'clf__bootstrap': False}",0.6928266769937816,0.03933186454468353,0.6328063629222309,0.772191673212883
78,"{'var_thresh__threshold': 0.05, 'imputer__weights': 'uniform', 'imputer__n_neighbors': 20, 'clf__n_estimators': 500, 'clf__min_samples_split': 2, 'clf__min_samples_leaf': 4, 'clf__max_features': 'sqrt', 'clf__max_depth': 60, 'clf__criterion': 'gini', 'clf__class_weight': None, 'clf__bootstrap': True}",0.6928178084002026,0.037584650882398,0.6207285938727415,0.7633051846032992
58,"{'var_thresh__threshold': 0.2, 'imputer__weights': 'distance', 'imputer__n_neighbors': 15, 'clf__n_estimators': 500, 'clf__min_samples_split': 2, 'clf__min_samples_leaf': 2, 'clf__max_features': None, 'clf__max_depth': 80, 'clf__criterion': 'entropy', 'clf__class_weight': 'balanced', 'clf__bootstrap': False}",0.6927646482295851,0.038135192650326825,0.6336164571877454,0.7665946582875098
8,"{'var_thresh__threshold': 0.15, 'imputer__weights': 'uniform', 'imputer__n_neighbors': 20, 'clf__n_estimators': 500, 'clf__min_samples_split': 2, 'clf__min_samples_leaf': 2, 'clf__max_features': None, 'clf__max_depth': 80, 'clf__criterion': 'entropy', 'clf__class_weight': 'balanced_subsample', 'clf__bootstrap': False}",0.6925840607586758,0.03857408940184096,0.634303809897879,0.7725108012568735
36,"{'var_thresh__threshold': 0.15, 'imputer__weights': 'distance', 'imputer__n_neighbors': 1, 'clf__n_estimators': 1000, 'clf__min_samples_split': 2, 'clf__min_samples_leaf': 1, 'clf__max_features': 'log2', 'clf__max_depth': 60, 'clf__criterion': 'gini', 'clf__class_weight': None, 'clf__bootstrap': False}",0.6925280355477897,0.03855826965226666,0.6269393165750197,0.7717007069913591
39,"{'var_thresh__threshold': 0.05, 'imputer__weights': 'distance', 'imputer__n_neighbors': 15, 'clf__n_estimators': 5000, 'clf__min_samples_split': 2, 'clf__min_samples_leaf': 1, 'clf__max_features': 'log2', 'clf__max_depth': 30, 'clf__criterion': 'gini', 'clf__class_weight': 'balanced_subsample', 'clf__bootstrap': False}",0.6925278703628929,0.03905810815488431,0.626251963864886,0.7782305577376277
21,"{'var_thresh__threshold': 0.0, 'imputer__weights': 'uniform', 'imputer__n_neighbors': 5, 'clf__n_estimators': 5000, 'clf__min_samples_split': 5, 'clf__min_samples_leaf': 1, 'clf__max_features': 'log2', 'clf__max_depth': 50, 'clf__criterion': 'gini', 'clf__class_weight': None, 'clf__bootstrap': True}",0.6924792491061662,0.03915590465810519,0.6129222309505107,0.7691476826394344
56,"{'var_thresh__threshold': 0.2, 'imputer__weights': 'distance', 'imputer__n_neighbors': 15, 'clf__n_estimators': 500, 'clf__min_samples_split': 10, 'clf__min_samples_leaf': 2, 'clf__max_features': 'sqrt', 'clf__max_depth': 50, 'clf__criterion': 'entropy', 'clf__class_weight': 'balanced_subsample', 'clf__bootstrap': True}",0.6924461570651416,0.03646553006231517,0.6279457973291438,0.765269049489395
27,"{'var_thresh__threshold': 0.1, 'imputer__weights': 'distance', 'imputer__n_neighbors': 15, 'clf__n_estimators': 500, 'clf__min_samples_split': 2, 'clf__min_samples_leaf': 4, 'clf__max_features': None, 'clf__max_depth': 70, 'clf__criterion': 'entropy', 'clf__class_weight': 'balanced_subsample', 'clf__bootstrap': False}",0.6924121179640411,0.03885651105633329,0.6327081696779261,0.7726335428122545
45,"{'var_thresh__threshold': 0.15, 'imputer__weights': 'distance', 'imputer__n_neighbors': 5, 'clf__n_estimators': 500, 'clf__min_samples_split': 2, 'clf__min_samples_leaf': 1, 'clf__max_features': 'log2', 'clf__max_depth': 50, 'clf__criterion': 'entropy', 'clf__class_weight': 'balanced', 'clf__bootstrap': False}",0.692379273700362,0.03768845047443557,0.6278721523959151,0.768975844461901
92,"{'var_thresh__threshold': 0.2, 'imputer__weights': 'distance', 'imputer__n_neighbors': 5, 'clf__n_estimators': 1000, 'clf__min_samples_split': 2, 'clf__min_samples_leaf': 2, 'clf__max_features': 'sqrt', 'clf__max_depth': 40, 'clf__criterion': 'entropy', 'clf__class_weight': None, 'clf__bootstrap': False}",0.6923152663881773,0.036987168100438214,0.6294432443047917,0.7727808326787118
83,"{'var_thresh__threshold': 0.2, 'imputer__weights': 'distance', 'imputer__n_neighbors': 20, 'clf__n_estimators': 1000, 'clf__min_samples_split': 2, 'clf__min_samples_leaf': 2, 'clf__max_features': None, 'clf__max_depth': 20, 'clf__criterion': 'gini', 'clf__class_weight': None, 'clf__bootstrap': False}",0.6919540620801551,0.04002270694822628,0.6327572663000784,0.7674293008641005
43,"{'var_thresh__threshold': 0.0, 'imputer__weights': 'uniform', 'imputer__n_neighbors': 20, 'clf__n_estimators': 500, 'clf__min_samples_split': 10, 'clf__min_samples_leaf': 1, 'clf__max_features': 'log2', 'clf__max_depth': 70, 'clf__criterion': 'gini', 'clf__class_weight': None, 'clf__bootstrap': True}",0.6918357768462166,0.039088144499402594,0.6135113904163394,0.7551060487038491
12,"{'var_thresh__threshold': 0.0, 'imputer__weights': 'uniform', 'imputer__n_neighbors': 1, 'clf__n_estimators': 5000, 'clf__min_samples_split': 5, 'clf__min_samples_leaf': 1, 'clf__max_features': 'log2', 'clf__max_depth': 20, 'clf__criterion': 'gini', 'clf__class_weight': 'balanced', 'clf__bootstrap': False}",0.6915467932105337,0.039960428878180826,0.6062941869599372,0.7717007069913591
97,"{'var_thresh__threshold': 0.0, 'imputer__weights': 'distance', 'imputer__n_neighbors': 20, 'clf__n_estimators': 500, 'clf__min_samples_split': 2, 'clf__min_samples_leaf': 1, 'clf__max_features': 'sqrt', 'clf__max_depth': None, 'clf__criterion': 'gini', 'clf__class_weight': 'balanced_subsample', 'clf__bootstrap': False}",0.691245885060678,0.04257508674386669,0.6032256480754125,0.7795316182246661
15,"{'var_thresh__threshold': 0.05, 'imputer__weights': 'uniform', 'imputer__n_neighbors': 15, 'clf__n_estimators': 2000, 'clf__min_samples_split': 5, 'clf__min_samples_leaf': 1, 'clf__max_features': None, 'clf__max_depth': 40, 'clf__criterion': 'gini', 'clf__class_weight': 'balanced_subsample', 'clf__bootstrap': False}",0.691123437167336,0.0391956365212833,0.6285349567949726,0.7741555380989787
49,"{'var_thresh__threshold': 0.05, 'imputer__weights': 'uniform', 'imputer__n_neighbors': 15, 'clf__n_estimators': 1000, 'clf__min_samples_split': 2, 'clf__min_samples_leaf': 1, 'clf__max_features': None, 'clf__max_depth': 60, 'clf__criterion': 'gini', 'clf__class_weight': None, 'clf__bootstrap': False}",0.6896977134739487,0.038993582476152755,0.6285104084838964,0.7732717989002356
